"Package","Path","Guid","ExistingGuid","Disposition"
"Human Spellcasting Animations FREE.unitypackage","Assets/Kevin Iglesias/Human Animations/Unity Demo Scenes/Human Spellcasting Animations/AnimatorControllers/HumanM@CastingIdles.controller","01dc7f251ae302b40ba7c93d9b675f38",,"NEW"
"Human Spellcasting Animations FREE.unitypackage","Assets/Kevin Iglesias/Human Animations/Animations/Male/Idles/HumanM@Idle01-Idle02.fbx","02f82df7d301d274883b41f32dca59a0","02f82df7d301d274883b41f32dca59a0","EXISTING_PRESERVED"
"Human Spellcasting Animations FREE.unitypackage","Assets/Kevin Iglesias/Human Animations/Animations/Male/Movement/Run/HumanM@Run01_BackwardLeft.fbx","02fe127be7c987640bef36b78efaf2cf","02fe127be7c987640bef36b78efaf2cf","EXISTING_PRESERVED"
"Human Spellcasting Animations FREE.unitypackage","Assets/Kevin Iglesias/Human Animations/Animations/Female/Combat/Spellcasting/MagicAttacks","034284851fd84e64699db969bbbac631",,"NEW"
"Human Spellcasting Animations FREE.unitypackage","Assets/Kevin Iglesias/Human Animations/Unity Demo Scenes/Human Spellcasting Animations/Prefabs/Spells/Human_SpellAura_Fire.prefab","03ad2654f9e07194188f6a63eff8b2e0",,"NEW"
"Human Spellcasting Animations FREE.unitypackage","Assets/Kevin Iglesias/Human Animations/Animations/Female/Movement/Run/RootMotion/HumanF@Run01_BackwardLeft [RM].fbx","06db7ead6cfa3054aaa7cf24fa1d249b",,"NEW"
"Human Spellcasting Animations FREE.unitypackage","Assets/Kevin Iglesias/Human Animations/Unity Demo Scenes/Human Spellcasting Animations/Textures/Human_Spell_Lightning_Texture.png","085d6ae6b4061bb41b1f0f1d764fd463",,"NEW"
"Human Spellcasting Animations FREE.unitypackage","Assets/Kevin Iglesias/Human Animations/Unity Demo Scenes/Human Spellcasting Animations/AnimatorControllers/HumanF@CastingDamages.overrideController","0ca10e81f2e5da4418adcbae141432d7",,"NEW"
"Human Spellcasting Animations FREE.unitypackage","Assets/Kevin Iglesias/Human Animations/Unity Demo Scenes/Human Spellcasting Animations/AnimatorControllers/HumanM@MagicAttackCalls.controller","0cc5c156cd530a04ba03eae3239581c7",,"NEW"
"Human Spellcasting Animations FREE.unitypackage","Assets/Kevin Iglesias/Human Animations/Unity Demo Scenes/Human Spellcasting Animations/Materials/Spells/HumanSpellcastingAnimations_Spell_Heal_Sparks.mat","0d1c254bb6548684cabdf22b05d65cd5",,"NEW"
"Human Spellcasting Animations FREE.unitypackage","Assets/Kevin Iglesias/Human Animations/Unity Demo Scenes/Human Spellcasting Animations/Materials/Spells/HumanSpellcastingAnimations_Spell_Ice_Aura.mat","0ea5800e65dfb4a4b854af43122f36c3",,"NEW"
"Human Spellcasting Animations FREE.unitypackage","Assets/Kevin Iglesias/Human Animations/Animations/Male/Combat/Spellcasting/MagicAttacks/Directional/HumanM@MagicAttackDirect1H01_R.fbx","0ec27b2ee6dda6d459311de3c0df0adb",,"NEW"
"Human Spellcasting Animations FREE.unitypackage","Assets/Kevin Iglesias/Human Animations/Animations/Female/Idles/HumanF@Idle01.fbx","0f69fd4f4ad106447896fb775199ed37","0f69fd4f4ad106447896fb775199ed37","EXISTING_PRESERVED"
"Human Spellcasting Animations FREE.unitypackage","Assets/Kevin Iglesias/Human Animations/Animations/Female/Movement/Run/HumanF@Run01_BackwardRight.fbx","1067eff693e77f143bc9982fef2aa0a1","1067eff693e77f143bc9982fef2aa0a1","EXISTING_PRESERVED"
"Human Spellcasting Animations FREE.unitypackage","Assets/Kevin Iglesias/Human Animations/Unity Demo Scenes/Human Spellcasting Animations/Prefabs/Spells/Human_Spell_Heal.prefab","10f20a501ddb3db4db094749bb054e68",,"NEW"
"Human Spellcasting Animations FREE.unitypackage","Assets/Kevin Iglesias/Human Animations/Unity Demo Scenes/Human Spellcasting Animations/Materials/Spells/HumanSpellcastingAnimations_Spell_Smoke_Ice.mat","112c25b7bc9e92948a274a6b7b14beea",,"NEW"
"Human Spellcasting Animations FREE.unitypackage","Assets/Kevin Iglesias/Human Animations/Animations/Female/Combat/Spellcasting/MagicAttacks/Call/HumanF@MagicAttackCall1H01_L.fbx","11465aac7c22a75458afa08d7ee99e6a",,"NEW"
"Human Spellcasting Animations FREE.unitypackage","Assets/Kevin Iglesias/Human Animations/Unity Demo Scenes/Human Spellcasting Animations/Materials/Spells/HumanSpellcastingAnimations_Spell_Smoke_Lighting.mat","118d75047d3b1cc429defa003dd912be",,"NEW"
"Human Spellcasting Animations FREE.unitypackage","Assets/Kevin Iglesias/Human Animations/Unity Demo Scenes/Human Spellcasting Animations/Textures/Human_Spell_Flame_Texture.tga","11a7f899854543a4a9295d1e96db121e",,"NEW"
"Human Spellcasting Animations FREE.unitypackage","Assets/Kevin Iglesias/Human Animations/Unity Demo Scenes/Human Spellcasting Animations/Materials/Spells/HumanSpellcastingAnimations_Spell_Shield.mat","137e47517b98c6a40924d27aac041841",,"NEW"
"Human Spellcasting Animations FREE.unitypackage","Assets/Kevin Iglesias/Human Animations/Animations/Female/Movement/Run/RootMotion/HumanF@Run01_ForwardRight [RM].fbx","13a7a8b93b87c984dbd8e0556bfebd96",,"NEW"
"Human Spellcasting Animations FREE.unitypackage","Assets/Kevin Iglesias/Human Animations/Models/Avatar Masks/Human Body Upper Mask.mask","142a22760aae7114f82e9cfc781709d0","142a22760aae7114f82e9cfc781709d0","EXISTING_PRESERVED"
"Human Spellcasting Animations FREE.unitypackage","Assets/Kevin Iglesias/Human Animations/Animations/Male/Movement","14b354c87e646e24b84a04de67edf8a1","14b354c87e646e24b84a04de67edf8a1","EXISTING_PRESERVED"
"Human Spellcasting Animations FREE.unitypackage","Assets/Kevin Iglesias/Human Animations/Animations/Male/Movement/Run/HumanM@Run01_ForwardRight.fbx","152af2cd00aaae34e816ebb8deb4b68e","152af2cd00aaae34e816ebb8deb4b68e","EXISTING_PRESERVED"
"Human Spellcasting Animations FREE.unitypackage","Assets/Kevin Iglesias/Human Animations/Unity Demo Scenes/Human Spellcasting Animations/Materials/Spells/HumanSpellcastingAnimations_Spell_Lightning02.mat","16745439f62b9e1478d94a718d5f16c0",,"NEW"
"Human Spellcasting Animations FREE.unitypackage","Assets/Kevin Iglesias/Human Animations/Models/HumanF_Model.fbx","1841c298173cdad4db8df8602c8f1c8d","1841c298173cdad4db8df8602c8f1c8d","EXISTING_PRESERVED"
"Human Spellcasting Animations FREE.unitypackage","Assets/Kevin Iglesias/Human Animations/Animations/Male/Combat/Spellcasting/HumanM@CastingDamage01.fbx","18afe56f6fdf0b0478209f4b1512c8cc",,"NEW"
"Human Spellcasting Animations FREE.unitypackage","Assets/Kevin Iglesias/Human Animations/Unity Demo Scenes/Human Spellcasting Animations/AnimatorControllers/HumanM@CastingDamages.controller","1937cf9e8b11fd946a14e1ef202a2e08",,"NEW"
"Human Spellcasting Animations FREE.unitypackage","Assets/Kevin Iglesias/Human Animations/Animations/Male/Combat/Spellcasting/MagicAttacks/Call/HumanM@MagicAttackCall1H01_L - Load.fbx","19a82902d584cfc48b743bdde1f4fe59",,"NEW"
"Human Spellcasting Animations FREE.unitypackage","Assets/Kevin Iglesias/Human Animations/Unity Demo Scenes/Human Spellcasting Animations/Materials/Spells/HumanSpellcastingAnimations_Spell_LightningAura.mat","1b01ef43a7de4e64fb8d7d9e2c110fb8",,"NEW"
"Human Spellcasting Animations FREE.unitypackage","Assets/Kevin Iglesias/Human Animations/Unity Demo Scenes/Human Spellcasting Animations/AnimatorControllers/HumanM@MagicAttackGrounds.controller","1b3c1d471c0d84d40b1f92cd92d304d9",,"NEW"
"Human Spellcasting Animations FREE.unitypackage","Assets/Kevin Iglesias/Human Animations/Animations/Male/Idles/HumanM@Idle03.fbx","1d3a375b9afc3d14eae31e10d901bfb1",,"NEW"
"Human Spellcasting Animations FREE.unitypackage","Assets/Kevin Iglesias/Human Animations/Animations/Female/Movement/Run/HumanF@Run01_BackwardLeft.fbx","1f15e0650d22c9d48befae3bb44bc43d","1f15e0650d22c9d48befae3bb44bc43d","EXISTING_PRESERVED"
"Human Spellcasting Animations FREE.unitypackage","Assets/Kevin Iglesias/Human Animations/Unity Demo Scenes/Human Spellcasting Animations/AnimatorControllers/HumanF@IdlesBook_L.overrideController","1f27830309a019c4e819502b1635f2a9",,"NEW"
"Human Spellcasting Animations FREE.unitypackage","Assets/Kevin Iglesias/Human Animations/Animations/Male/Combat/Spellcasting/MagicAttacks/Call","1fce43ce1d7707b48b495a54bde8d9aa",,"NEW"
"Human Spellcasting Animations FREE.unitypackage","Assets/Kevin Iglesias/Human Animations/Unity Demo Scenes/Human Spellcasting Animations/Models/Spells/Human_Spell_Shield.fbx","1fdc8d67f1fc8664d814f7d6559a8a48",,"NEW"
"Human Spellcasting Animations FREE.unitypackage","Assets/Kevin Iglesias/Human Animations/Animations/Masked Poses/HumanM@ObjectBook01_R.fbx","20c71457a71d14148addf5037223cce8",,"NEW"
"Human Spellcasting Animations FREE.unitypackage","Assets/Kevin Iglesias/Human Animations/Animations/Female/Combat/Spellcasting/HumanF@CastingIdle01.fbx","244e77a7e908f804a893608632af5936",,"NEW"
"Human Spellcasting Animations FREE.unitypackage","Assets/Kevin Iglesias/Human Animations/Animations/Female/Idles/HumanF@Idle02.fbx","24b1b054ed689e44ba553f9841ebca06","24b1b054ed689e44ba553f9841ebca06","EXISTING_PRESERVED"
"Human Spellcasting Animations FREE.unitypackage","Assets/Kevin Iglesias/Human Animations/Unity Demo Scenes/Human Spellcasting Animations/Materials/Spells/HumanSpellcastingAnimations_Spell_Heal_Glow.mat","26bd4b7b5923f114f90f235cd1e7ad9a",,"NEW"
"Human Spellcasting Animations FREE.unitypackage","Assets/Kevin Iglesias/Human Animations/Unity Demo Scenes/Human Spellcasting Animations/Prefabs/Human_MageHat.prefab","2c08be953cc5e8745b01f51ae2e4c3ab",,"NEW"
"Human Spellcasting Animations FREE.unitypackage","Assets/Kevin Iglesias/Human Animations/Textures/HumanAnimations_ColorPalette.png","2c8e7f499d401414b8215275b03a4c66",,"NEW"
"Human Spellcasting Animations FREE.unitypackage","Assets/Kevin Iglesias/Human Animations/Animations/Male/Movement/Run/HumanM@Run01_ForwardLeft.fbx","2d491dc6ab8cc5045919954fe2601203","2d491dc6ab8cc5045919954fe2601203","EXISTING_PRESERVED"
"Human Spellcasting Animations FREE.unitypackage","Assets/Kevin Iglesias/Human Animations/Unity Demo Scenes/Human Spellcasting Animations/Models","2d8c6d0731b17774290f67ca01a32724",,"NEW"
"Human Spellcasting Animations FREE.unitypackage","Assets/Kevin Iglesias/Human Animations/Unity Demo Scenes/Human Spellcasting Animations/AnimatorControllers/HumanF@CastingDodge01.overrideController","2dfa35ae90b3dc84cafa1163df3737a1",,"NEW"
"Human Spellcasting Animations FREE.unitypackage","Assets/Kevin Iglesias/Human Animations/Unity Demo Scenes/Human Spellcasting Animations/AnimatorControllers/HumanF@MagicAttackOmnidirectionals.overrideController","2ecfd4d606b969d429198c68bd581b03",,"NEW"
"Human Spellcasting Animations FREE.unitypackage","Assets/Kevin Iglesias/Human Animations/Animations/Male/Combat/Spellcasting/HumanM@CastingEnter01.fbx","2f6016e9e7e6ff247b2c268a733fe053",,"NEW"
"Human Spellcasting Animations FREE.unitypackage","Assets/Kevin Iglesias/Human Animations/Models/HumanM_Model.fbx","2faa610713d3b3c439473daa55e8c60a","2faa610713d3b3c439473daa55e8c60a","EXISTING_PRESERVED"
"Human Spellcasting Animations FREE.unitypackage","Assets/Kevin Iglesias/Human Animations/Animations/Male/Movement/Run/RootMotion/HumanM@Run01_Backward [RM].fbx","31116f689ea4d374593385937d990c7c",,"NEW"
"Human Spellcasting Animations FREE.unitypackage","Assets/Kevin Iglesias/Human Animations/Unity Demo Scenes/Human Spellcasting Animations/Textures/Human_Spell_IceSpike_Texture.png","3187772fcdbea8b49b89ec6d4949905d",,"NEW"
"Human Spellcasting Animations FREE.unitypackage","Assets/Kevin Iglesias/Human Animations/Unity Demo Scenes/Human Spellcasting Animations/AnimatorControllers/HumanM@CastingDeaths.controller","3219fb6bef5a8b34f997e60c34d23e4b",,"NEW"
"Human Spellcasting Animations FREE.unitypackage","Assets/Kevin Iglesias/Human Animations/Animations/Female/Idles/HumanF@Idle03.fbx","34ced3481cc3833478728f31579a88c9",,"NEW"
"Human Spellcasting Animations FREE.unitypackage","Assets/Kevin Iglesias/Human Animations/Animations/Male/Combat/Spellcasting/MagicAttacks/Call/HumanM@MagicAttackCall1H01_L.fbx","35f6feb4c51bae84c97cc9a8d0b991dd",,"NEW"
"Human Spellcasting Animations FREE.unitypackage","Assets/Kevin Iglesias/Human Animations/Animations/Male/Combat/Spellcasting/MagicAttacks/Directional/HumanM@MagicAttackDirect1H01_R - Load.fbx","3763882290e6e4348831adc7e32fa919",,"NEW"
"Human Spellcasting Animations FREE.unitypackage","Assets/Kevin Iglesias/Human Animations/Unity Demo Scenes/Human Spellcasting Animations/Materials/Spells/HumanSpellcastingAnimations_Spell_Ice_Sparks.mat","385475ebe5e8e1b4a880f7c0f74bcfa3",,"NEW"
"Human Spellcasting Animations FREE.unitypackage","Assets/Kevin Iglesias/Human Animations/Animations/Female/Combat/Spellcasting/HumanF@CastingEnter01.fbx","38a45c96315321348952eec2abacbd04",,"NEW"
"Human Spellcasting Animations FREE.unitypackage","Assets/Kevin Iglesias/Human Animations/Unity Demo Scenes/Human Spellcasting Animations/Materials/Spells/HumanSpellcastingAnimations_Spell_Shockwave_Explosion.mat","392b43bcd0958b24fb5c91e6656b481e",,"NEW"
"Human Spellcasting Animations FREE.unitypackage","Assets/Kevin Iglesias/Human Animations/Animations/Male/Combat/Spellcasting/MagicAttacks/Omnidirectional/HumanM@MagicAttackOmni01 - Cast.fbx","39e2b573902399d4fbd58117e24ea1d2",,"NEW"
"Human Spellcasting Animations FREE.unitypackage","Assets/Kevin Iglesias/Human Animations/Unity Demo Scenes/Human Spellcasting Animations/Textures","3a51f9264333a9843a5edc93cd90a908",,"NEW"
"Human Spellcasting Animations FREE.unitypackage","Assets/Kevin Iglesias/Human Animations/Models/Avatar Masks/Arms/Human Arm Left Mask.mask","3c01d1ed15a1c0f49b77151cfdaa3e8d","3c01d1ed15a1c0f49b77151cfdaa3e8d","EXISTING_PRESERVED"
"Human Spellcasting Animations FREE.unitypackage","Assets/Kevin Iglesias/Human Animations/Unity Demo Scenes/Human Spellcasting Animations/Models/Human_MageBook.fbx","3d77a7b44ade59749b9562a010e2aa35",,"NEW"
"Human Spellcasting Animations FREE.unitypackage","Assets/Kevin Iglesias/Human Animations/Animations/Female/Idles/HumanF@Idle03-Idle01.fbx","403eee8fa6e19784697f553f40f05bdb",,"NEW"
"Human Spellcasting Animations FREE.unitypackage","Assets/Kevin Iglesias/Human Animations/Animations/Female/Movement/Run/HumanF@Run01_Forward.fbx","40786e67f3ceb094b9c00543f295cb5f","40786e67f3ceb094b9c00543f295cb5f","EXISTING_PRESERVED"
"Human Spellcasting Animations FREE.unitypackage","Assets/Kevin Iglesias/Human Animations/Animations/Male/Combat/Spellcasting/MagicAttacks","41d3454cdc41bbd44a32460df6ad66b1",,"NEW"
"Human Spellcasting Animations FREE.unitypackage","Assets/Kevin Iglesias/Human Animations/Unity Demo Scenes/Human Spellcasting Animations/Textures/Human_Spell_Shockwave_Ground_Texture.png","4278dbb37d804b044a29bb78b6ea1273",,"NEW"
"Human Spellcasting Animations FREE.unitypackage","Assets/Kevin Iglesias/Human Animations/Animations/Female/Movement/Run/HumanF@Run01_Left.fbx","435a4728904deaf41a2ea8928e6c2c35","435a4728904deaf41a2ea8928e6c2c35","EXISTING_PRESERVED"
"Human Spellcasting Animations FREE.unitypackage","Assets/Kevin Iglesias/Human Animations/Animations/Female/Combat/Spellcasting/MagicAttacks/Call","43e6b7b46e72f8e48b266d047eae067b",,"NEW"
"Human Spellcasting Animations FREE.unitypackage","Assets/Kevin Iglesias/Human Animations/Unity Demo Scenes/Human Spellcasting Animations/Prefabs/Human_MageBook.prefab","450ab7127e162f34fbc432a76b68de30",,"NEW"
"Human Spellcasting Animations FREE.unitypackage","Assets/Kevin Iglesias/Human Animations/Unity Demo Scenes/Human Spellcasting Animations/Prefabs/Spells","456b4d89ca4fe314183dc721ecbe223e",,"NEW"
"Human Spellcasting Animations FREE.unitypackage","Assets/Kevin Iglesias/Human Animations/Animations/Male/Movement/Run/RootMotion/HumanM@Run01_BackwardRight [RM].fbx","4751c211b658f37459b5165f3a027e22",,"NEW"
"Human Spellcasting Animations FREE.unitypackage","Assets/Kevin Iglesias/Human Animations/Animations/Male/Combat/Spellcasting/MagicAttacks/Omnidirectional/HumanM@MagicAttackOmni01 - Load.fbx","48740288977d86d4b8adad7dd6194798",,"NEW"
"Human Spellcasting Animations FREE.unitypackage","Assets/Kevin Iglesias/Human Animations/Unity Demo Scenes/Human Spellcasting Animations/AnimatorControllers/HumanM@IdlesBook_R.controller","489611abf107d6a4a8b098e4bb2d4656",,"NEW"
"Human Spellcasting Animations FREE.unitypackage","Assets/Kevin Iglesias/Human Animations/Unity Demo Scenes/Human Spellcasting Animations/Textures/Human_Spell_Burn_Mark.png","48b08b4cc3736664fa209a584e4eaf1f",,"NEW"
"Human Spellcasting Animations FREE.unitypackage","Assets/Kevin Iglesias/Human Animations/Animations/Female/Combat/Spellcasting/MagicAttacks/Omnidirectional","490bb8466068e5e43ac3b36ef9fd4e7c",,"NEW"
"Human Spellcasting Animations FREE.unitypackage","Assets/Kevin Iglesias/Human Animations/Animations/Male/Combat/Spellcasting/MagicAttacks/Omnidirectional","49499e0a8c63021498e269ef1bf54b97",,"NEW"
"Human Spellcasting Animations FREE.unitypackage","Assets/Kevin Iglesias/Human Animations/Animations/Female/Combat/Spellcasting/MagicAttacks/Call/HumanF@MagicAttackCall1H01_L - Load.fbx","4d9cf7b9311d8cc47a342ef873790660",,"NEW"
"Human Spellcasting Animations FREE.unitypackage","Assets/Kevin Iglesias/Human Animations/Models/Avatar Masks/Hands","4ff39103735d8aa4cb2b923e50e2d165","4ff39103735d8aa4cb2b923e50e2d165","EXISTING_PRESERVED"
"Human Spellcasting Animations FREE.unitypackage","Assets/Kevin Iglesias/Human Animations/Animations/Female/Movement/Run/HumanF@Run01_ForwardRight.fbx","5088dccb2ba6bc8478f1dc0919d3e8cd","5088dccb2ba6bc8478f1dc0919d3e8cd","EXISTING_PRESERVED"
"Human Spellcasting Animations FREE.unitypackage","Assets/Kevin Iglesias/Human Animations/Unity Demo Scenes/Human Spellcasting Animations","50b4e3791605ac045a3bacf14631286f",,"NEW"
"Human Spellcasting Animations FREE.unitypackage","Assets/Kevin Iglesias/Human Animations/Materials","51ecd5c3ff236ad45a534cf2180c75ae",,"NEW"
"Human Spellcasting Animations FREE.unitypackage","Assets/Kevin Iglesias/Human Animations/Unity Demo Scenes/Human Spellcasting Animations/Materials/Spells/HumanSpellcastingAnimations_Spell_Shockwave_Sparks.mat","53ef09bb8a96e364d8885669d048305a",,"NEW"
"Human Spellcasting Animations FREE.unitypackage","Assets/Kevin Iglesias/Human Animations/Animations/Female/Movement","53f04a4ec8491524e9cdd29521175434","53f04a4ec8491524e9cdd29521175434","EXISTING_PRESERVED"
"Human Spellcasting Animations FREE.unitypackage","Assets/Kevin Iglesias/Human Animations/Unity Demo Scenes/Human Spellcasting Animations/Textures/Human_Spell_IceRing_Texture.tga","547ca6153f6ddfd498f87bdf380bba4b",,"NEW"
"Human Spellcasting Animations FREE.unitypackage","Assets/Kevin Iglesias/Human Animations/Animations/Female/Combat/Spellcasting/MagicAttacks/Directional/HumanF@MagicAttackDirect1H01_L - Load.fbx","54cbecf6bcce9eb40955f852c1a92e5c",,"NEW"
"Human Spellcasting Animations FREE.unitypackage","Assets/Kevin Iglesias/Human Animations/Unity Demo Scenes/Human Spellcasting Animations/Materials/Spells/HumanSpellcastingAnimations_Spell_Ice_Spikes.mat","551cf77582807a64aa0acf5a3c02aa33",,"NEW"
"Human Spellcasting Animations FREE.unitypackage","Assets/Kevin Iglesias/Human Animations/Animations/Masked Poses/HumanF@ObjectBook01_L.fbx","55bba09466bbe854a907c21e5106ae28",,"NEW"
"Human Spellcasting Animations FREE.unitypackage","Assets/Kevin Iglesias/Human Animations/Animations/Female/Movement/Run/RootMotion/HumanF@Run01_BackwardRight [RM].fbx","55f7d9665d0be68498e73fb21fcf3267",,"NEW"
"Human Spellcasting Animations FREE.unitypackage","Assets/Kevin Iglesias/Human Animations/Animations/Male/Movement/Run/RootMotion/HumanM@Run01_ForwardLeft [RM].fbx","56d8ff19983f1de47a7aef7fb3a2d2e3",,"NEW"
"Human Spellcasting Animations FREE.unitypackage","Assets/Kevin Iglesias/Human Animations/Animations/Male/Idles/HumanM@Idle01.fbx","56fd86b76fc74d24d83522069f5deb9b","56fd86b76fc74d24d83522069f5deb9b","EXISTING_PRESERVED"
"Human Spellcasting Animations FREE.unitypackage","Assets/Kevin Iglesias/Human Animations/Unity Demo Scenes/Human Spellcasting Animations/Materials/Spells/HumanSpellcastingAnimations_Spell_Lightning01.mat","57293dcd25e6bc444901e4784d126d82",,"NEW"
"Human Spellcasting Animations FREE.unitypackage","Assets/Kevin Iglesias/Human Animations/Unity Demo Scenes/Human Spellcasting Animations/Materials/Spells/HumanSpellcastingAnimations_Spell_Spark.mat","5862868dc63c7c549832003dc49ffe8f",,"NEW"
"Human Spellcasting Animations FREE.unitypackage","Assets/Kevin Iglesias/Human Animations/Unity Demo Scenes/Human Spellcasting Animations/Prefabs/Spells/Human_Spell_Fireball.prefab","5aa2236667d208e41a28e0f79695320a",,"NEW"
"Human Spellcasting Animations FREE.unitypackage","Assets/Kevin Iglesias/Human Animations/Animations/Male/Movement/Run/RootMotion","5ca09be614981804ab3e7b144f0ac0fc","5ca09be614981804ab3e7b144f0ac0fc","EXISTING_PRESERVED"
"Human Spellcasting Animations FREE.unitypackage","Assets/Kevin Iglesias/Human Animations/Unity Demo Scenes/Human Spellcasting Animations/Textures/Human_Spell_Seal.png","5d48bc025d552ab489153db455846edc",,"NEW"
"Human Spellcasting Animations FREE.unitypackage","Assets/Kevin Iglesias/Human Animations/Unity Demo Scenes/Human Spellcasting Animations/Prefabs/Spells/Human_Spell_Shield.prefab","5dc06ed64db520147912484d5ba21615",,"NEW"
"Human Spellcasting Animations FREE.unitypackage","Assets/Kevin Iglesias/Human Animations/Animations/Female/Combat/Spellcasting/MagicAttacks/Directional/HumanF@MagicAttackDirect1H01_R.fbx","5e777c22f4914c24bb1ab4df99f3832e",,"NEW"
"Human Spellcasting Animations FREE.unitypackage","Assets/Kevin Iglesias/Human Animations/Animations/Female/Idles","5e92f90055a54ab47b74a1f5297faecd","5e92f90055a54ab47b74a1f5297faecd","EXISTING_PRESERVED"
"Human Spellcasting Animations FREE.unitypackage","Assets/Kevin Iglesias/Human Animations/Animations/Masked Poses/Human@HandsClosed01.fbx","5e9b37dd2b8b41648a4731a21c853b2f","5e9b37dd2b8b41648a4731a21c853b2f","EXISTING_PRESERVED"
"Human Spellcasting Animations FREE.unitypackage","Assets/Kevin Iglesias/Human Animations/Unity Demo Scenes/Human Spellcasting Animations/Prefabs/Spells/Human_SpellAura_Lightning.prefab","5ebefd38fe1dbce4990790a0add9f65a",,"NEW"
"Human Spellcasting Animations FREE.unitypackage","Assets/Kevin Iglesias/Human Animations/Unity Demo Scenes/Human Spellcasting Animations/AnimatorControllers/HumanF@CastingBlock01.overrideController","5f1eb947938cb574a9a8ebb768cebaaa",,"NEW"
"Human Spellcasting Animations FREE.unitypackage","Assets/Kevin Iglesias/Human Animations/Unity Demo Scenes/Human Spellcasting Animations/Prefabs","5f6b100252933ea45b703c7e6adb305f",,"NEW"
"Human Spellcasting Animations FREE.unitypackage","Assets/Kevin Iglesias/Human Animations/Unity Demo Scenes/Human Spellcasting Animations/AnimatorControllers/HumanF@IdlesBook_R.overrideController","5f9dde9ec818d2b49aa76fd762c15d8a",,"NEW"
"Human Spellcasting Animations FREE.unitypackage","Assets/Kevin Iglesias/Human Animations/Scripts/UpperBodyAnimations-SpineProxy.url","600f7cf1c6250e84687d018d42666742","600f7cf1c6250e84687d018d42666742","EXISTING_PRESERVED"
"Human Spellcasting Animations FREE.unitypackage","Assets/Kevin Iglesias/Human Animations/Unity Demo Scenes/Human Spellcasting Animations/AnimatorControllers/HumanM@IdlesBook_L.controller","62fcadbdd98a29343b8311bb977b99e5",,"NEW"
"Human Spellcasting Animations FREE.unitypackage","Assets/Kevin Iglesias/Human Animations/Animations/Male/Idles/HumanM@Idle01-Idle03.fbx","66e11d5a352d46f46bb450930e66b86f",,"NEW"
"Human Spellcasting Animations FREE.unitypackage","Assets/Kevin Iglesias/Human Animations/Animations/Female/Movement/Run/RootMotion/HumanF@Run01_Right [RM].fbx","67b3854dfc8f4ee4485ed3c744ac0cca",,"NEW"
"Human Spellcasting Animations FREE.unitypackage","Assets/Kevin Iglesias/Human Animations/Unity Demo Scenes/Human Spellcasting Animations/Materials/Spells/HumanSpellcastingAnimations_Spell_LightningWind.mat","68ba595d162fee64aab2fc935cb30100",,"NEW"
"Human Spellcasting Animations FREE.unitypackage","Assets/Kevin Iglesias/Human Animations/Unity Demo Scenes/Human Spellcasting Animations/Models/Human_MageHat.fbx","68fa72d0b9b8a594b8de68adc0312f2a",,"NEW"
"Human Spellcasting Animations FREE.unitypackage","Assets/Kevin Iglesias/Human Animations/Models/Avatar Masks/Hands/Human Hands Mask.mask","69b447faf5895f1428a1131028d8893c","69b447faf5895f1428a1131028d8893c","EXISTING_PRESERVED"
"Human Spellcasting Animations FREE.unitypackage","Assets/Kevin Iglesias/Human Animations/Unity Demo Scenes/Human Spellcasting Animations/Models/Spells/Human_Spell_Shockwave_Ground.fbx","6bfe2435fc930f04d94b53ffef71b2fc",,"NEW"
"Human Spellcasting Animations FREE.unitypackage","Assets/Kevin Iglesias/Human Animations/Animations/Female/Combat/Spellcasting/MagicAttacks/Omnidirectional/HumanF@MagicAttackOmni01.fbx","6ce5c8cc7157f2542b78acd83e609475",,"NEW"
"Human Spellcasting Animations FREE.unitypackage","Assets/Kevin Iglesias/Human Animations/Unity Demo Scenes/Human Spellcasting Animations/AnimatorControllers/HumanM@RunningDirectionalCasts.controller","6d8807943998b7b488506cebf12737bb",,"NEW"
"Human Spellcasting Animations FREE.unitypackage","Assets/Kevin Iglesias/Human Animations/Unity Demo Scenes/Human Spellcasting Animations/AnimatorControllers/HumanM@MagicAttackDirectionals.controller","6ddf9c32c99d3ec458960bdd7a480674",,"NEW"
"Human Spellcasting Animations FREE.unitypackage","Assets/Kevin Iglesias/Human Animations/Animations/Male/Movement/Run/HumanM@Run01_Forward.fbx","6deac83e30d8acd4cbb8c7d8a11545bd","6deac83e30d8acd4cbb8c7d8a11545bd","EXISTING_PRESERVED"
"Human Spellcasting Animations FREE.unitypackage","Assets/Kevin Iglesias/Human Animations/Animations/Masked Poses","6e8891b4ee5f33644a4d56ebad0d4170","6e8891b4ee5f33644a4d56ebad0d4170","EXISTING_PRESERVED"
"Human Spellcasting Animations FREE.unitypackage","Assets/Kevin Iglesias/Human Animations/Unity Demo Scenes/Human Spellcasting Animations/Textures/Human_Spell_Star.png","6e9d7775dbb4cd84cb6df50fbe2d4afb",,"NEW"
"Human Spellcasting Animations FREE.unitypackage","Assets/Kevin Iglesias/Human Animations/Animations/Female/Combat/Spellcasting/MagicAttacks/Omnidirectional/HumanF@MagicAttackOmni01 - Load.fbx","6fdb1182b412d014e8f6c12f3296fd26",,"NEW"
"Human Spellcasting Animations FREE.unitypackage","Assets/Kevin Iglesias/Human Animations/Models","7278ad681fe961a49a8889ba9f9d45df","7278ad681fe961a49a8889ba9f9d45df","EXISTING_PRESERVED"
"Human Spellcasting Animations FREE.unitypackage","Assets/Kevin Iglesias/Human Animations/Animations/Female/Combat/Spellcasting/MagicAttacks/Directional/HumanF@MagicAttackDirect2H01 - Cast.fbx","72b86c822a91b5c4da93cfdd8382c30e",,"NEW"
"Human Spellcasting Animations FREE.unitypackage","Assets/Kevin Iglesias/Human Animations/Models/Avatar Masks/Hands/Human Hand Right Mask.mask","742dda8cea256e347a5e36860b12ce91","742dda8cea256e347a5e36860b12ce91","EXISTING_PRESERVED"
"Human Spellcasting Animations FREE.unitypackage","Assets/Kevin Iglesias/Human Animations/Unity Demo Scenes/Human Spellcasting Animations/Models/Spells/Human_Spell_Shockwave_Cone.fbx","74b3bec14d2e6e1409d6fdfc0f9503ec",,"NEW"
"Human Spellcasting Animations FREE.unitypackage","Assets/Kevin Iglesias/Human Animations/Unity Demo Scenes/Human Spellcasting Animations/Textures/Human_Spell_Fireball_Texture.tga","74de1482a77bab54bb81cb0185535e03",,"NEW"
"Human Spellcasting Animations FREE.unitypackage","Assets/Kevin Iglesias/Human Animations/Animations/Masked Poses/HumanF@ObjectBook01_R.fbx","780809a8353acfb4c8a3b901ce19c4cb",,"NEW"
"Human Spellcasting Animations FREE.unitypackage","Assets/Kevin Iglesias/Human Animations/Animations/Female/Movement/Run/RootMotion/HumanF@Run01_Backward [RM].fbx","78375be644e8f3a45bdc574dcc4fdb45",,"NEW"
"Human Spellcasting Animations FREE.unitypackage","Assets/Kevin Iglesias/Human Animations/Unity Demo Scenes/Human Spellcasting Animations/AnimatorControllers/HumanF@SpecialMagicAttack01.overrideController","787602f900c47e64ca86772975ea9d67",,"NEW"
"Human Spellcasting Animations FREE.unitypackage","Assets/Kevin Iglesias/Human Animations/Models/Avatar Masks","7913c8be7c5917b4b92b228ee0d8a9d6","7913c8be7c5917b4b92b228ee0d8a9d6","EXISTING_PRESERVED"
"Human Spellcasting Animations FREE.unitypackage","Assets/Kevin Iglesias/Human Animations/Animations/Female/Combat/Spellcasting/HumanF@CastingDamage01.fbx","79cdddc1602686641a39ff115c631faa",,"NEW"
"Human Spellcasting Animations FREE.unitypackage","Assets/Kevin Iglesias/Human Animations/Animations/Male/Movement/Run/RootMotion/HumanM@Run01_ForwardRight [RM].fbx","7c23c3776f1ce0248aaa1fa0043581cd",,"NEW"
"Human Spellcasting Animations FREE.unitypackage","Assets/Kevin Iglesias/Human Animations/Unity Demo Scenes/Human Spellcasting Animations/Materials/HumanSpellcastingAnimations_Floor.mat","80935c30f1d141840a0812ed52f7cdc0",,"NEW"
"Human Spellcasting Animations FREE.unitypackage","Assets/Kevin Iglesias/Human Animations/Unity Demo Scenes/Human Spellcasting Animations/Textures/Human_Spell_Ring_Texture.tga","809997ef42f5931479a9c382ca75a5d7",,"NEW"
"Human Spellcasting Animations FREE.unitypackage","Assets/Kevin Iglesias/Human Animations/Unity Demo Scenes/Human Spellcasting Animations/Materials/Spells/HumanSpellcastingAnimations_Spell_Heal_Aura.mat","82d5c9da3113c9048a5635df80404819",,"NEW"
"Human Spellcasting Animations FREE.unitypackage","Assets/Kevin Iglesias/Human Animations/Unity Demo Scenes/Human Spellcasting Animations/Prefabs/HumanM_Dummy_Purple.prefab","838e3b1ccba74024688b3e3f7c49decd",,"NEW"
"Human Spellcasting Animations FREE.unitypackage","Assets/Kevin Iglesias/Human Animations/Animations/Male/Movement/Run/HumanM@Run01_Right.fbx","846fff649819bcf49b933d00ef6f703f","846fff649819bcf49b933d00ef6f703f","EXISTING_PRESERVED"
"Human Spellcasting Animations FREE.unitypackage","Assets/Kevin Iglesias/Human Animations/Unity Demo Scenes/Human Spellcasting Animations/Materials/Spells/HumanSpellcastingAnimations_Spell_Fireball.mat","84ab2e9a895d7f348a0c841a78733181",,"NEW"
"Human Spellcasting Animations FREE.unitypackage","Assets/Kevin Iglesias/Human Animations/Animations/Female/Combat/Spellcasting/MagicAttacks/Directional/HumanF@MagicAttackDirect1H01_L.fbx","84ee600ac7a22a240869f0119230d93b",,"NEW"
"Human Spellcasting Animations FREE.unitypackage","Assets/Kevin Iglesias/Human Animations/Unity Demo Scenes/Human Spellcasting Animations/Prefabs/Spells/Human_Spell_Shockwave_Explosion.prefab","870a10c1f420abb4598b34344a9e7823",,"NEW"
"Human Spellcasting Animations FREE.unitypackage","Assets/Kevin Iglesias/Human Animations/Animations/Male/Combat/Spellcasting/MagicAttacks/Directional/HumanM@MagicAttackDirect2H01 - Load.fbx","87be09935c99d144e869e2f4db162593",,"NEW"
"Human Spellcasting Animations FREE.unitypackage","Assets/Kevin Iglesias/Human Animations/Animations/Female/Movement/Run","8878cb0ce0b5b5646833d1a8d0830eb9","8878cb0ce0b5b5646833d1a8d0830eb9","EXISTING_PRESERVED"
"Human Spellcasting Animations FREE.unitypackage","Assets/Kevin Iglesias/Human Animations/Models/Avatar Masks/Human Body Full Mask.mask","89527f5525238ee44b3182458d85143a","89527f5525238ee44b3182458d85143a","EXISTING_PRESERVED"
"Human Spellcasting Animations FREE.unitypackage","Assets/Kevin Iglesias/Human Animations/Animations/Male/Combat/Spellcasting/MagicAttacks/Directional/HumanM@MagicAttackDirect1H01_L - Cast.fbx","8ab57abc06f7ffd47ae8d91e99f41fa2",,"NEW"
"Human Spellcasting Animations FREE.unitypackage","Assets/Kevin Iglesias/Human Animations/Unity Demo Scenes/Human Spellcasting Animations/AnimatorControllers/HumanF@MagicAttackGrounds.overrideController","8c9ba0c6e0cb1c64a998cbff3746b6ce",,"NEW"
"Human Spellcasting Animations FREE.unitypackage","Assets/Kevin Iglesias/Human Animations/Animations/Female/Combat/Spellcasting/MagicAttacks/Directional/HumanF@MagicAttackDirect1H01_L - Cast.fbx","8d26d2134d6483544803dba1a2b66a11",,"NEW"
"Human Spellcasting Animations FREE.unitypackage","Assets/Kevin Iglesias/Human Animations/Animations/Male/Combat/Spellcasting/MagicAttacks/Call/HumanM@MagicAttackCall1H01_L - Cast.fbx","8d3c95e724e453047940371ad39c4153",,"NEW"
"Human Spellcasting Animations FREE.unitypackage","Assets/Kevin Iglesias/Human Animations/Animations/Female/Combat/Spellcasting/MagicAttacks/Call/HumanF@MagicAttackCall1H01_L - Cast.fbx","8e77bc614e777934eb1106b82e6a0bc5",,"NEW"
"Human Spellcasting Animations FREE.unitypackage","Assets/Kevin Iglesias/Human Animations/Animations/Male/Combat/Spellcasting/MagicAttacks/Directional/HumanM@MagicAttackDirect2H01.fbx","8f2199c73306dcc439cb3d6c3a6b920b",,"NEW"
"Human Spellcasting Animations FREE.unitypackage","Assets/Kevin Iglesias/Human Animations/Textures","9062e0d614ae38b458231f34f36af0e8",,"NEW"
"Human Spellcasting Animations FREE.unitypackage","Assets/Kevin Iglesias/Human Animations/Unity Demo Scenes/Human Spellcasting Animations/Models/Spells/Human_Spell_Lightning_Strike.fbx","938ff37259bba394eacf26fdbda1179c",,"NEW"
"Human Spellcasting Animations FREE.unitypackage","Assets/Kevin Iglesias/Human Animations/Animations/HumanSpellcastingAnimationsFREE_BlenderFiles.zip","9457d7f99b04da74a8e13dee7a8d3f2a",,"NEW"
"Human Spellcasting Animations FREE.unitypackage","Assets/Kevin Iglesias/Human Animations/Animations/Male/Movement/Run/RootMotion/HumanM@Run01_Forward [RM].fbx","9500e467e35d4684880037a0762df59b",,"NEW"
"Human Spellcasting Animations FREE.unitypackage","Assets/Kevin Iglesias/Human Animations/Animations/Male/Idles/HumanM@Idle02.fbx","9508ccae6dd32b54cb61bd81eda00380","9508ccae6dd32b54cb61bd81eda00380","EXISTING_PRESERVED"
"Human Spellcasting Animations FREE.unitypackage","Assets/Kevin Iglesias/Human Animations/Unity Demo Scenes/Human Spellcasting Animations/Models/Spells/Human_Spell_Ice.fbx","95d9cf89223364a4486f24af51ce035e",,"NEW"
"Human Spellcasting Animations FREE.unitypackage","Assets/Kevin Iglesias/Human Animations/Animations/Male/Combat","980f15093dd770b4a87a66facbdc7a0f","980f15093dd770b4a87a66facbdc7a0f","EXISTING_PRESERVED"
"Human Spellcasting Animations FREE.unitypackage","Assets/Kevin Iglesias/Human Animations/Unity Demo Scenes/Human Spellcasting Animations/Prefabs/Spells/Human_Spell_LightningStrike.prefab","99c92a1b2b2906945bf3b9abc6590151",,"NEW"
"Human Spellcasting Animations FREE.unitypackage","Assets/Kevin Iglesias/Human Animations/Unity Demo Scenes/Human Spellcasting Animations/AnimatorControllers/HumanM@MagicAttackOmnidirectionals.controller","9a7ac59f625f7bb4b8ad545a8da9dcf3",,"NEW"
"Human Spellcasting Animations FREE.unitypackage","Assets/Kevin Iglesias/Human Animations/Unity Demo Scenes/Human Spellcasting Animations/Materials/Spells/HumanSpellcastingAnimations_Spell_Flame.mat","9b328cd563984ac43a9de99f57db6b4b",,"NEW"
"Human Spellcasting Animations FREE.unitypackage","Assets/Kevin Iglesias/Human Animations/Unity Demo Scenes/Human Spellcasting Animations/Materials/Spells/HumanSpellcastingAnimations_Spell_Lightning03.mat","9b65f025389653146b9af19bf82b7006",,"NEW"
"Human Spellcasting Animations FREE.unitypackage","Assets/Kevin Iglesias/Human Animations/Unity Demo Scenes/Human Spellcasting Animations/AnimatorControllers","9ed855a682821b542af48cb0e74cbbd7",,"NEW"
"Human Spellcasting Animations FREE.unitypackage","Assets/Kevin Iglesias/Human Animations/Animations/Male/Movement/Run/HumanM@Run01_Left.fbx","9f9dbe8815370164d8a2214328af4f13","9f9dbe8815370164d8a2214328af4f13","EXISTING_PRESERVED"
"Human Spellcasting Animations FREE.unitypackage","Assets/Kevin Iglesias/Human Animations/Human Spellcasting Animations 2.0 FREE.pdf","a12a393cb878e15429dedd925bc28e32",,"NEW"
"Human Spellcasting Animations FREE.unitypackage","Assets/Kevin Iglesias/Human Animations/Animations/Female","a188c029449cdad41b29e2705df3bea4","a188c029449cdad41b29e2705df3bea4","EXISTING_PRESERVED"
"Human Spellcasting Animations FREE.unitypackage","Assets/Kevin Iglesias/Human Animations/Models/Avatar Masks/Arms/Human Arm Right Mask.mask","a1efc4df860a2fe4a8c3e44b28fd963e","a1efc4df860a2fe4a8c3e44b28fd963e","EXISTING_PRESERVED"
"Human Spellcasting Animations FREE.unitypackage","Assets/Kevin Iglesias/Human Animations/Animations/Male/Combat/Spellcasting/MagicAttacks/Directional","a20fccca200e2fd499154cb5001106f7",,"NEW"
"Human Spellcasting Animations FREE.unitypackage","Assets/Kevin Iglesias/Human Animations/Unity Demo Scenes/Human Spellcasting Animations/Prefabs/Spells/Human_Spell_Fireball_Large.prefab","a482790e02aaa7949919e907d04061b0",,"NEW"
"Human Spellcasting Animations FREE.unitypackage","Assets/Kevin Iglesias/Human Animations/Unity Demo Scenes/Human Spellcasting Animations/Models/Spells/Human_Spell_Shockwave_Sphere.fbx","a56e660bb7416074cb07e0d0d7cb3225",,"NEW"
"Human Spellcasting Animations FREE.unitypackage","Assets/Kevin Iglesias/Human Animations/Unity Demo Scenes/Human Spellcasting Animations/AnimatorControllers/HumanF@CastingIdles.overrideController","a5fa557e8dc63f542a9d6ff3f3181633",,"NEW"
"Human Spellcasting Animations FREE.unitypackage","Assets/Kevin Iglesias/Human Animations/Models/Avatar Masks/Arms/Human Arms Mask.mask","a6373b7536cc6fd4485ebc59e60dc4cc","a6373b7536cc6fd4485ebc59e60dc4cc","EXISTING_PRESERVED"
"Human Spellcasting Animations FREE.unitypackage","Assets/Kevin Iglesias/Human Animations/Animations/Male/Movement/Run/HumanM@Run01_Backward.fbx","a8e6c7cf678a13541a726c2ae9ec00e3","a8e6c7cf678a13541a726c2ae9ec00e3","EXISTING_PRESERVED"
"Human Spellcasting Animations FREE.unitypackage","Assets/Kevin Iglesias/Human Animations/Animations/Masked Poses/Human@ObjectGripHands01.fbx","a92ad04671c1e2c42ab2feb0e9ac684c","a92ad04671c1e2c42ab2feb0e9ac684c","EXISTING_PRESERVED"
"Human Spellcasting Animations FREE.unitypackage","Assets/Kevin Iglesias/Human Animations/Animations/Female/Idles/HumanF@Idle01-Idle03.fbx","a9a94d827f7df1244b309db5dae9cebb",,"NEW"
"Human Spellcasting Animations FREE.unitypackage","Assets/Kevin Iglesias/Human Animations/Unity Demo Scenes/Human Spellcasting Animations/Prefabs/Spells/Human_SpellAura_Heal.prefab","aa77297fca95b7346a94d76cf84fe635",,"NEW"
"Human Spellcasting Animations FREE.unitypackage","Assets/Kevin Iglesias/Human Animations/Unity Demo Scenes/Human Spellcasting Animations/Materials/Spells/HumanSpellcastingAnimations_Spell_Burn_Mark.mat","aae94dd68ea4e8148b4f42dda7efae98",,"NEW"
"Human Spellcasting Animations FREE.unitypackage","Assets/Kevin Iglesias/Human Animations/Animations/Male/Combat/Spellcasting/MagicAttacks/Directional/HumanM@MagicAttackDirect1H01_L - Load.fbx","ab2eeeec69d32d142ac0d781f97a2577",,"NEW"
"Human Spellcasting Animations FREE.unitypackage","Assets/Kevin Iglesias/Human Animations/Unity Demo Scenes/Human Spellcasting Animations/AnimatorControllers/HumanM@CastingDodge01.controller","ab41562cf3b66094b9f5672df8ee3a87",,"NEW"
"Human Spellcasting Animations FREE.unitypackage","Assets/Kevin Iglesias/Human Animations/Animations/Female/Combat/Spellcasting/MagicAttacks/Directional/HumanF@MagicAttackDirect2H01 - Load.fbx","aee6e53bac94cf340afd69e71388de0c",,"NEW"
"Human Spellcasting Animations FREE.unitypackage","Assets/Kevin Iglesias/Human Animations/Animations/Female/Combat/Spellcasting/MagicAttacks/Directional/HumanF@MagicAttackDirect2H01.fbx","afc0d7b05fc184d49a7e863d9eec0f9e",,"NEW"
"Human Spellcasting Animations FREE.unitypackage","Assets/Kevin Iglesias/Human Animations/Unity Demo Scenes/Human Spellcasting Animations/Prefabs/Spells/Human_SpellAura_Ice.prefab","b1611fd4d6c2dd54c971bc9581be71ef",,"NEW"
"Human Spellcasting Animations FREE.unitypackage","Assets/Kevin Iglesias/Human Animations/Animations/Female/Movement/Run/RootMotion","b30791e7b86b5fd459b5a1e7524a51ca","b30791e7b86b5fd459b5a1e7524a51ca","EXISTING_PRESERVED"
"Human Spellcasting Animations FREE.unitypackage","Assets/Kevin Iglesias/Human Animations/Models/Avatar Masks/Arms","b3303b9e968a80b4694a24c6fcda0129","b3303b9e968a80b4694a24c6fcda0129","EXISTING_PRESERVED"
"Human Spellcasting Animations FREE.unitypackage","Assets/Kevin Iglesias/Human Animations/Animations/Female/Combat/Spellcasting/HumanF@CastingExit01.fbx","b3b7631decc86f04bb15e95e6e0c6a0c",,"NEW"
"Human Spellcasting Animations FREE.unitypackage","Assets/Kevin Iglesias/Human Animations/Animations/Female/Movement/Run/RootMotion/HumanF@Run01_Forward [RM].fbx","b5aa46a35563ed44bb6dc4be5dabd918",,"NEW"
"Human Spellcasting Animations FREE.unitypackage","Assets/Kevin Iglesias/Human Animations/Animations/Male/Combat/Spellcasting","b63cfd6ac6bec0c469c4d91805ea2ae4",,"NEW"
"Human Spellcasting Animations FREE.unitypackage","Assets/Kevin Iglesias/Human Animations/Unity Demo Scenes/Human Spellcasting Animations/Prefabs/Spells/Human_SpellAura_Shockwave_Ground.prefab","b64478a730dfa2341bc02911953ad4e9",,"NEW"
"Human Spellcasting Animations FREE.unitypackage","Assets/Kevin Iglesias/Human Animations","b6e7451db795eb14b8b86c01246b4e45","b6e7451db795eb14b8b86c01246b4e45","EXISTING_PRESERVED"
"Human Spellcasting Animations FREE.unitypackage","Assets/Kevin Iglesias/Human Animations/Models/Avatar Masks/Hands/Human Hand Left Mask.mask","b7a9bc6acd2eaa941ab64d230864a316","b7a9bc6acd2eaa941ab64d230864a316","EXISTING_PRESERVED"
"Human Spellcasting Animations FREE.unitypackage","Assets/Kevin Iglesias/Human Animations/Animations/Female/Movement/Run/HumanF@Run01_Backward.fbx","b7ff898919f115a4095d79af0129756f","b7ff898919f115a4095d79af0129756f","EXISTING_PRESERVED"
"Human Spellcasting Animations FREE.unitypackage","Assets/Kevin Iglesias/Human Animations/Unity Demo Scenes/Human Spellcasting Animations/AnimatorControllers/HumanF@MagicAttackDirectionals.overrideController","b8f45cbff8d085044a811ecefd7f6bdb",,"NEW"
"Human Spellcasting Animations FREE.unitypackage","Assets/Kevin Iglesias/Human Animations/Animations/Male/Combat/Spellcasting/MagicAttacks/Omnidirectional/HumanM@MagicAttackOmni01.fbx","b98582042c1292a4e81193a2e417a4d2",,"NEW"
"Human Spellcasting Animations FREE.unitypackage","Assets/Kevin Iglesias/Human Animations/Unity Demo Scenes/Human Spellcasting Animations/Prefabs/Spells/Human_Spell_Shockwave_Ground.prefab","bae3e9361960e3147818c0da5e584df3",,"NEW"
"Human Spellcasting Animations FREE.unitypackage","Assets/Kevin Iglesias/Human Animations/Animations/Male/Combat/Spellcasting/MagicAttacks/Directional/HumanM@MagicAttackDirect2H01 - Cast.fbx","bc8cbcd09bf81b646b58bf68f9f55d95",,"NEW"
"Human Spellcasting Animations FREE.unitypackage","Assets/Kevin Iglesias/Human Animations/Unity Demo Scenes/Human Spellcasting Animations/Materials/Spells/HumanSpellcastingAnimations_Spell_Heal_Particles.mat","bd5b2f479522c6b4fa79e978e5f2e085",,"NEW"
"Human Spellcasting Animations FREE.unitypackage","Assets/Kevin Iglesias/Human Animations/Animations/Female/Combat","be1ddec582910294eba596c6b0d76973","be1ddec582910294eba596c6b0d76973","EXISTING_PRESERVED"
"Human Spellcasting Animations FREE.unitypackage","Assets/Kevin Iglesias/Human Animations/Unity Demo Scenes/Human Spellcasting Animations/Human Spellcasting Animations - Unity Demo Scene.unity","be49e8764270aae4db30aad417ef2244",,"NEW"
"Human Spellcasting Animations FREE.unitypackage","Assets/Kevin Iglesias/Human Animations/Animations/Female/Movement/Run/RootMotion/HumanF@Run01_ForwardLeft [RM].fbx","bf3d864026a7e1146a27e29a8626bc69",,"NEW"
"Human Spellcasting Animations FREE.unitypackage","Assets/Kevin Iglesias/Human Animations/Animations/Male/Idles/HumanM@Idle03-Idle01.fbx","c00644106bf45f14dbaa58de417fac73",,"NEW"
"Human Spellcasting Animations FREE.unitypackage","Assets/Kevin Iglesias/Human Animations/Animations/Male/Movement/Run","c05c587ee4b52c140b281cbbb11edb94","c05c587ee4b52c140b281cbbb11edb94","EXISTING_PRESERVED"
"Human Spellcasting Animations FREE.unitypackage","Assets/Kevin Iglesias/Human Animations/Unity Demo Scenes","c2107d18fdd13e046b6b333ce7d88eca","c2107d18fdd13e046b6b333ce7d88eca","EXISTING_PRESERVED"
"Human Spellcasting Animations FREE.unitypackage","Assets/Kevin Iglesias/Human Animations/Animations/Male/Combat/Spellcasting/MagicAttacks/Directional/HumanM@MagicAttackDirect1H01_R - Cast.fbx","c2160d1a58a158543817a3f1c504dc91",,"NEW"
"Human Spellcasting Animations FREE.unitypackage","Assets/Kevin Iglesias/Human Animations/Animations/Female/Combat/Spellcasting","c4cf349e54d56c6478bee56432d4279d",,"NEW"
"Human Spellcasting Animations FREE.unitypackage","Assets/Kevin Iglesias/Human Animations/Animations/Male/Combat/Spellcasting/MagicAttacks/Directional/HumanM@MagicAttackDirect1H01_L.fbx","c817d2bc0a7ac96498d32fa36a62bd88",,"NEW"
"Human Spellcasting Animations FREE.unitypackage","Assets/Kevin Iglesias/Human Animations/Animations/Male/Movement/Run/RootMotion/HumanM@Run01_Right [RM].fbx","c94ea603add67b745a5c6198446707fb",,"NEW"
"Human Spellcasting Animations FREE.unitypackage","Assets/Kevin Iglesias/Human Animations/Unity Demo Scenes/Human Spellcasting Animations/Textures/Human_Spell_Shield.png","c951cc0f94d143a4bbd5c58cbcb667ca",,"NEW"
"Human Spellcasting Animations FREE.unitypackage","Assets/Kevin Iglesias/Human Animations/Animations/Male/Movement/Run/HumanM@Run01_BackwardRight.fbx","ca7bf50d255ff5749a3a9ff602076af8","ca7bf50d255ff5749a3a9ff602076af8","EXISTING_PRESERVED"
"Human Spellcasting Animations FREE.unitypackage","Assets/Kevin Iglesias/Human Animations/Unity Demo Scenes/Human Spellcasting Animations/Prefabs/Spells/Human_Spell_Ice.prefab","ca9ff8d9a7cfbd24a9968357a2fb9b59",,"NEW"
"Human Spellcasting Animations FREE.unitypackage","Assets/Kevin Iglesias/Human Animations/Unity Demo Scenes/Human Spellcasting Animations/Models/Spells/Human_Spell_Lightning_Ground.fbx","cac54e85c70b81b4686becadc5bf7afa",,"NEW"
"Human Spellcasting Animations FREE.unitypackage","Assets/Kevin Iglesias/Human Animations/Models/Avatar Masks/Human Head Mask.mask","cba496d351611c54494800debaf419f7","cba496d351611c54494800debaf419f7","EXISTING_PRESERVED"
"Human Spellcasting Animations FREE.unitypackage","Assets/Kevin Iglesias/Human Animations/Unity Demo Scenes/Human Spellcasting Animations/AnimatorControllers/HumanF@CastingDeaths.overrideController","cc2c1a803cd821643b7e4b83f672ac58",,"NEW"
"Human Spellcasting Animations FREE.unitypackage","Assets/Kevin Iglesias/Human Animations/Animations/Female/Movement/Run/HumanF@Run01_ForwardLeft.fbx","cdb2264de10c42b4799822b736b5de9c","cdb2264de10c42b4799822b736b5de9c","EXISTING_PRESERVED"
"Human Spellcasting Animations FREE.unitypackage","Assets/Kevin Iglesias/Human Animations/Unity Demo Scenes/Human Spellcasting Animations/Models/Spells","cfa7658334ec5d14db1e48b132dc6af3",,"NEW"
"Human Spellcasting Animations FREE.unitypackage","Assets/Kevin Iglesias/Human Animations/Unity Demo Scenes/Human Spellcasting Animations/Materials/HumanSpellcastingAnimations_Props.mat","d0ca80eb3c6952a479a06fcebec1bcc7",,"NEW"
"Human Spellcasting Animations FREE.unitypackage","Assets/Kevin Iglesias/Human Animations/Unity Demo Scenes/Human Spellcasting Animations/Materials/Spells/HumanSpellcastingAnimations_Spell_Smoke_Fire.mat","d0d739159e87c09479c8d284b6cb04af",,"NEW"
"Human Spellcasting Animations FREE.unitypackage","Assets/Kevin Iglesias/Human Animations/Unity Demo Scenes/Human Spellcasting Animations/Materials/Spells/HumanSpellcastingAnimations_Spell_LightningSpark.mat","d1c4d2cf39c7e234d9d4b061bd6e3423",,"NEW"
"Human Spellcasting Animations FREE.unitypackage","Assets/Kevin Iglesias/Human Animations/Unity Demo Scenes/Human Spellcasting Animations/Materials/Spells/HumanSpellcastingAnimations_Spell_Shockwave_Cone.mat","d249646f01416474996e99f205b3fccf",,"NEW"
"Human Spellcasting Animations FREE.unitypackage","Assets/Kevin Iglesias/Human Animations/Materials/HumanAnimations_Dummy-Purple.mat","d24dd2d294e164545bb40b45f431c566",,"NEW"
"Human Spellcasting Animations FREE.unitypackage","Assets/Kevin Iglesias/Human Animations/Animations/Male/Movement/Run/RootMotion/HumanM@Run01_BackwardLeft [RM].fbx","d4ad07e9a02ec4241a5110960579fb59",,"NEW"
"Human Spellcasting Animations FREE.unitypackage","Assets/Kevin Iglesias/Human Animations/Unity Demo Scenes/Human Spellcasting Animations/AnimatorControllers/HumanF@MagicAttackCalls.overrideController","d68aea73d112f5a448b212420194b99e",,"NEW"
"Human Spellcasting Animations FREE.unitypackage","Assets/Kevin Iglesias/Human Animations/Unity Demo Scenes/Human Spellcasting Animations/AnimatorControllers/HumanF@RunningDirectionalCasts.overrideController","d90843007ee01464f8c3fd92ae7fd227",,"NEW"
"Human Spellcasting Animations FREE.unitypackage","Assets/Kevin Iglesias/Human Animations/Animations/Female/Idles/HumanF@Idle02-Idle01.fbx","da2ed2e1aae1da34684fe894590efa54","da2ed2e1aae1da34684fe894590efa54","EXISTING_PRESERVED"
"Human Spellcasting Animations FREE.unitypackage","Assets/Kevin Iglesias/Human Animations/Unity Demo Scenes/Human Spellcasting Animations/Textures/Human_Spell_Smoke_Texture.tga","da56f2e4a74c3b04ab4ac98b78227ad3",,"NEW"
"Human Spellcasting Animations FREE.unitypackage","Assets/Kevin Iglesias/Human Animations/Unity Demo Scenes/Human Spellcasting Animations/Materials/Spells/HumanSpellcastingAnimations_Spell_Heal_Base.mat","da5c6b1cd76875248a7b19173f57a937",,"NEW"
"Human Spellcasting Animations FREE.unitypackage","Assets/Kevin Iglesias/Human Animations/Animations/Male/Combat/Spellcasting/HumanM@CastingExit01.fbx","db4aa50da8cea2546983359c3799bb26",,"NEW"
"Human Spellcasting Animations FREE.unitypackage","Assets/Kevin Iglesias/Human Animations/Animations/Female/Combat/Spellcasting/MagicAttacks/Directional/HumanF@MagicAttackDirect1H01_R - Load.fbx","dc69765f854e383489d49d9832b0a265",,"NEW"
"Human Spellcasting Animations FREE.unitypackage","Assets/Kevin Iglesias/Human Animations/Animations/Male/Movement/Run/RootMotion/HumanM@Run01_Left [RM].fbx","dd0055e79f0f8414f986f0dce8f01186",,"NEW"
"Human Spellcasting Animations FREE.unitypackage","Assets/Kevin Iglesias/Human Animations/Scripts/SpineProxy.cs","dd95fd526fbaddd4e96feb1b5b051f7f","dd95fd526fbaddd4e96feb1b5b051f7f","EXISTING_PRESERVED"
"Human Spellcasting Animations FREE.unitypackage","Assets/Kevin Iglesias/Human Animations/Unity Demo Scenes/Human Spellcasting Animations/Models/Spells/Human_Spell_Spark.fbx","dfe064bdc46e96f4d998f23036a64f26",,"NEW"
"Human Spellcasting Animations FREE.unitypackage","Assets/Kevin Iglesias/Human Animations/Unity Demo Scenes/Human Spellcasting Animations/Materials/Spells","e0a5e2a756912ca489fcd82c7786019f",,"NEW"
"Human Spellcasting Animations FREE.unitypackage","Assets/Kevin Iglesias/Human Animations/Animations/Female/Combat/Spellcasting/MagicAttacks/Directional/HumanF@MagicAttackDirect1H01_R - Cast.fbx","e20e79b93409bbf4d848255c88e74bd0",,"NEW"
"Human Spellcasting Animations FREE.unitypackage","Assets/Kevin Iglesias/Human Animations/Animations/Male/Idles/HumanM@Idle02-Idle01.fbx","e23ec565e5d40ad4d94e0af6010f22c8","e23ec565e5d40ad4d94e0af6010f22c8","EXISTING_PRESERVED"
"Human Spellcasting Animations FREE.unitypackage","Assets/Kevin Iglesias/Human Animations/Unity Demo Scenes/Human Spellcasting Animations/Prefabs/HumanF_Dummy_Purple.prefab","e30cc439c2f0b804aa5ffa12558fe03c",,"NEW"
"Human Spellcasting Animations FREE.unitypackage","Assets/Kevin Iglesias/Human Animations/Animations/Male/Combat/Spellcasting/HumanM@CastingIdle01.fbx","e3e6bf58062e7b142a3ac6cda8eda124",,"NEW"
"Human Spellcasting Animations FREE.unitypackage","Assets/Kevin Iglesias/Human Animations/Animations/Female/Movement/Run/HumanF@Run01_Right.fbx","e4554e344c29aeb4087271d927e625f2","e4554e344c29aeb4087271d927e625f2","EXISTING_PRESERVED"
"Human Spellcasting Animations FREE.unitypackage","Assets/Kevin Iglesias/Human Animations/Scripts","e64c16a1da5b84c4488d02899ba2e527","e64c16a1da5b84c4488d02899ba2e527","EXISTING_PRESERVED"
"Human Spellcasting Animations FREE.unitypackage","Assets/Kevin Iglesias/Human Animations/Animations/Male/Idles","e6594c847f8afc14d9221105e31658cd","e6594c847f8afc14d9221105e31658cd","EXISTING_PRESERVED"
"Human Spellcasting Animations FREE.unitypackage","Assets/Kevin Iglesias/Human Animations/Unity Demo Scenes/Human Spellcasting Animations/AnimatorControllers/HumanM@CastingBlock01.controller","e8f729f902448f4468e3be07e5aaffc7",,"NEW"
"Human Spellcasting Animations FREE.unitypackage","Assets/Kevin Iglesias/Human Animations/Unity Demo Scenes/Human Spellcasting Animations/Materials/Spells/HumanSpellcastingAnimations_Spell_Shockwave_Ground.mat","ec87ce62a1efa3f4f9f3a6585af88c6e",,"NEW"
"Human Spellcasting Animations FREE.unitypackage","Assets/Kevin Iglesias/Human Animations/Animations/Masked Poses/HumanM@ObjectBook01_L.fbx","ed93668243486da43b9d107ee070db97",,"NEW"
"Human Spellcasting Animations FREE.unitypackage","Assets/Kevin Iglesias/Human Animations/Animations","efeb8c36a1723364392603dda24becb0","efeb8c36a1723364392603dda24becb0","EXISTING_PRESERVED"
"Human Spellcasting Animations FREE.unitypackage","Assets/Kevin Iglesias/Human Animations/Unity Demo Scenes/Human Spellcasting Animations/Materials/Spells/HumanSpellcastingAnimations_Spell_Ring.mat","f076338e0ffaef14da34a0b5dd144b8a",,"NEW"
"Human Spellcasting Animations FREE.unitypackage","Assets/Kevin Iglesias/Human Animations/Animations/Male","f2c0bdf39740723408c784517a995932","f2c0bdf39740723408c784517a995932","EXISTING_PRESERVED"
"Human Spellcasting Animations FREE.unitypackage","Assets/Kevin Iglesias/Human Animations/Animations/Female/Idles/HumanF@Idle01-Idle02.fbx","f3894581926850a43be23e43d5465af5","f3894581926850a43be23e43d5465af5","EXISTING_PRESERVED"
"Human Spellcasting Animations FREE.unitypackage","Assets/Kevin Iglesias/Human Animations/Unity Demo Scenes/Human Spellcasting Animations/Materials/Spells/HumanSpellcastingAnimations_Spell_Heal_Seal.mat","f38b25c7f748fd446b01d3d85cfc3457",,"NEW"
"Human Spellcasting Animations FREE.unitypackage","Assets/Kevin Iglesias/Human Animations/Unity Demo Scenes/Human Spellcasting Animations/Textures/Human_Spell_Shockwave_Cone.png","f50b1fb182002e245b7a94438c0868aa",,"NEW"
"Human Spellcasting Animations FREE.unitypackage","Assets/Kevin Iglesias/Human Animations/Animations/Female/Movement/Run/RootMotion/HumanF@Run01_Left [RM].fbx","f76f0d054afdd5845a03ab8eea5b79b5",,"NEW"
"Human Spellcasting Animations FREE.unitypackage","Assets/Kevin Iglesias/Human Animations/Animations/Female/Combat/Spellcasting/MagicAttacks/Directional","f8c725779e3453e4492fab2a4e4c94ea",,"NEW"
"Human Spellcasting Animations FREE.unitypackage","Assets/Kevin Iglesias/Human Animations/Unity Demo Scenes/Human Spellcasting Animations/Materials","f8e16726027bc0044bc6d7079d790643",,"NEW"
"Human Spellcasting Animations FREE.unitypackage","Assets/Kevin Iglesias/Human Animations/Animations/Female/Combat/Spellcasting/MagicAttacks/Omnidirectional/HumanF@MagicAttackOmni01 - Cast.fbx","f933ebfa1a6efc94fada1443b124ad3b",,"NEW"
"Human Spellcasting Animations FREE.unitypackage","Assets/Kevin Iglesias/Human Animations/Unity Demo Scenes/Human Spellcasting Animations/AnimatorControllers/HumanM@SpecialMagicAttack01.controller","fc7c9657d0be1434286e4b276802aa19",,"NEW"
