"characterId","name","hp","attack","defense","attacksPerSecond","rarity","gachaWeight","familyId","affinityId","trait1","trait2","trait3","assetKey","assetStatus","balanceStatus","contentRevision"
"MON_001","몽실 슬라임","85","14","0","1.0","Common","80","","빛","Undead","Guardian","","","UNASSIGNED","DRAFT_NOT_APPROVED","DRAFT-20261010-EXISTING-CATALOG"
"MON_002","몽실 토끼","89","16","0","1.0","Common","80","","불","Spirit","Guardian","","","UNASSIGNED","DRAFT_NOT_APPROVED","DRAFT-20261010-EXISTING-CATALOG"
"MON_003","몽실 여우","93","18","0","1.0","Common","80","","번개","Machine","Guardian","","","UNASSIGNED","DRAFT_NOT_APPROVED","DRAFT-20261010-EXISTING-CATALOG"
"MON_004","몽실 드래곤","97","20","0","1.0","Common","80","","그림자","Beast","Guardian","","","UNASSIGNED","DRAFT_NOT_APPROVED","DRAFT-20261010-EXISTING-CATALOG"
"MON_005","몽실 버섯","101","22","0","1.0","Common","80","","물","Dragon","Guardian","","","UNASSIGNED","DRAFT_NOT_APPROVED","DRAFT-20261010-EXISTING-CATALOG"
"MON_006","몽실 골렘","105","24","0","1.0","Common","80","","땅","Demon","Guardian","","","UNASSIGNED","DRAFT_NOT_APPROVED","DRAFT-20261010-EXISTING-CATALOG"
"MON_007","몽실 고양이","109","26","0","1.0","Common","80","","별","Celestial","Guardian","","","UNASSIGNED","DRAFT_NOT_APPROVED","DRAFT-20261010-EXISTING-CATALOG"
"MON_008","몽실 펭귄","113","14","0","1.0","Common","80","","숲","Shadow","Guardian","","","UNASSIGNED","DRAFT_NOT_APPROVED","DRAFT-20261010-EXISTING-CATALOG"
"MON_009","몽실 유니콘","117","16","0","1.0","Common","80","","바람","Nature","Guardian","","","UNASSIGNED","DRAFT_NOT_APPROVED","DRAFT-20261010-EXISTING-CATALOG"
"MON_010","몽실 도깨비","121","18","0","1.0","Common","80","","얼음","Abyss","Guardian","","","UNASSIGNED","DRAFT_NOT_APPROVED","DRAFT-20261010-EXISTING-CATALOG"
"MON_011","반짝 슬라임","87","20","0","1.0","Common","80","","숲","Undead","Warrior","","","UNASSIGNED","DRAFT_NOT_APPROVED","DRAFT-20261010-EXISTING-CATALOG"
"MON_012","반짝 토끼","91","22","0","1.0","Common","80","","바람","Spirit","Warrior","","","UNASSIGNED","DRAFT_NOT_APPROVED","DRAFT-20261010-EXISTING-CATALOG"
"MON_013","반짝 여우","95","24","0","1.0","Common","80","","얼음","Machine","Warrior","","","UNASSIGNED","DRAFT_NOT_APPROVED","DRAFT-20261010-EXISTING-CATALOG"
"MON_014","반짝 드래곤","99","26","0","1.0","Common","80","","빛","Beast","Warrior","","","UNASSIGNED","DRAFT_NOT_APPROVED","DRAFT-20261010-EXISTING-CATALOG"
"MON_015","반짝 버섯","103","14","0","1.0","Common","80","","불","Dragon","Warrior","","","UNASSIGNED","DRAFT_NOT_APPROVED","DRAFT-20261010-EXISTING-CATALOG"
"MON_016","반짝 골렘","107","16","0","1.0","Common","80","","번개","Demon","Warrior","","","UNASSIGNED","DRAFT_NOT_APPROVED","DRAFT-20261010-EXISTING-CATALOG"
"MON_017","반짝 고양이","111","18","0","1.0","Common","80","","그림자","Celestial","Warrior","","","UNASSIGNED","DRAFT_NOT_APPROVED","DRAFT-20261010-EXISTING-CATALOG"
"MON_018","반짝 펭귄","115","20","0","1.0","Common","80","","물","Shadow","Warrior","","","UNASSIGNED","DRAFT_NOT_APPROVED","DRAFT-20261010-EXISTING-CATALOG"
"MON_019","반짝 유니콘","119","22","0","1.0","Common","80","","땅","Nature","Warrior","","","UNASSIGNED","DRAFT_NOT_APPROVED","DRAFT-20261010-EXISTING-CATALOG"
"MON_020","반짝 도깨비","123","24","0","1.0","Common","80","","별","Abyss","Warrior","","","UNASSIGNED","DRAFT_NOT_APPROVED","DRAFT-20261010-EXISTING-CATALOG"
"MON_021","꼬마 슬라임","89","26","0","1.0","Common","80","","물","Undead","Assassin","","","UNASSIGNED","DRAFT_NOT_APPROVED","DRAFT-20261010-EXISTING-CATALOG"
"MON_022","꼬마 토끼","93","14","0","1.0","Common","80","","땅","Spirit","Assassin","","","UNASSIGNED","DRAFT_NOT_APPROVED","DRAFT-20261010-EXISTING-CATALOG"
"MON_023","꼬마 여우","97","16","0","1.0","Common","80","","별","Machine","Assassin","","","UNASSIGNED","DRAFT_NOT_APPROVED","DRAFT-20261010-EXISTING-CATALOG"
"MON_024","꼬마 드래곤","101","18","0","1.0","Common","80","","숲","Beast","Assassin","","","UNASSIGNED","DRAFT_NOT_APPROVED","DRAFT-20261010-EXISTING-CATALOG"
"MON_025","꼬마 버섯","105","20","0","1.0","Common","80","","바람","Dragon","Assassin","","","UNASSIGNED","DRAFT_NOT_APPROVED","DRAFT-20261010-EXISTING-CATALOG"
"MON_026","꼬마 골렘","109","22","0","1.0","Common","80","","얼음","Demon","Assassin","","","UNASSIGNED","DRAFT_NOT_APPROVED","DRAFT-20261010-EXISTING-CATALOG"
"MON_027","꼬마 고양이","113","24","0","1.0","Common","80","","빛","Celestial","Assassin","","","UNASSIGNED","DRAFT_NOT_APPROVED","DRAFT-20261010-EXISTING-CATALOG"
"MON_028","꼬마 펭귄","117","26","0","1.0","Common","80","","불","Shadow","Assassin","","","UNASSIGNED","DRAFT_NOT_APPROVED","DRAFT-20261010-EXISTING-CATALOG"
"MON_029","꼬마 유니콘","121","14","0","1.0","Common","80","","번개","Nature","Assassin","","","UNASSIGNED","DRAFT_NOT_APPROVED","DRAFT-20261010-EXISTING-CATALOG"
"MON_030","꼬마 도깨비","125","16","0","1.0","Common","80","","그림자","Abyss","Assassin","","","UNASSIGNED","DRAFT_NOT_APPROVED","DRAFT-20261010-EXISTING-CATALOG"
"MON_031","솜사탕 슬라임","91","18","0","1.0","Common","80","","불","Undead","Archer","","","UNASSIGNED","DRAFT_NOT_APPROVED","DRAFT-20261010-EXISTING-CATALOG"
"MON_032","솜사탕 토끼","95","20","0","1.0","Common","80","","번개","Spirit","Archer","","","UNASSIGNED","DRAFT_NOT_APPROVED","DRAFT-20261010-EXISTING-CATALOG"
"MON_033","솜사탕 여우","99","22","0","1.0","Common","80","","그림자","Machine","Archer","","","UNASSIGNED","DRAFT_NOT_APPROVED","DRAFT-20261010-EXISTING-CATALOG"
"MON_034","솜사탕 드래곤","103","24","0","1.0","Common","80","","물","Beast","Archer","","","UNASSIGNED","DRAFT_NOT_APPROVED","DRAFT-20261010-EXISTING-CATALOG"
"MON_035","솜사탕 버섯","107","26","0","1.0","Common","80","","땅","Dragon","Archer","","","UNASSIGNED","DRAFT_NOT_APPROVED","DRAFT-20261010-EXISTING-CATALOG"
"MON_036","솜사탕 골렘","111","14","0","1.0","Common","80","","별","Demon","Archer","","","UNASSIGNED","DRAFT_NOT_APPROVED","DRAFT-20261010-EXISTING-CATALOG"
"MON_037","솜사탕 고양이","115","16","0","1.0","Common","80","","숲","Celestial","Archer","","","UNASSIGNED","DRAFT_NOT_APPROVED","DRAFT-20261010-EXISTING-CATALOG"
"MON_038","솜사탕 펭귄","119","18","0","1.0","Common","80","","바람","Shadow","Archer","","","UNASSIGNED","DRAFT_NOT_APPROVED","DRAFT-20261010-EXISTING-CATALOG"
"MON_039","솜사탕 유니콘","123","20","0","1.0","Common","80","","얼음","Nature","Archer","","","UNASSIGNED","DRAFT_NOT_APPROVED","DRAFT-20261010-EXISTING-CATALOG"
"MON_040","솜사탕 도깨비","127","22","0","1.0","Common","80","","빛","Abyss","Archer","","","UNASSIGNED","DRAFT_NOT_APPROVED","DRAFT-20261010-EXISTING-CATALOG"
"MON_041","별빛 슬라임","93","24","0","1.0","Common","80","","바람","Undead","Mage","","","UNASSIGNED","DRAFT_NOT_APPROVED","DRAFT-20261010-EXISTING-CATALOG"
"MON_042","별빛 토끼","97","26","0","1.0","Common","80","","얼음","Spirit","Mage","","","UNASSIGNED","DRAFT_NOT_APPROVED","DRAFT-20261010-EXISTING-CATALOG"
"MON_043","별빛 여우","101","14","0","1.0","Common","80","","빛","Machine","Mage","","","UNASSIGNED","DRAFT_NOT_APPROVED","DRAFT-20261010-EXISTING-CATALOG"
"MON_044","별빛 드래곤","105","16","0","1.0","Common","80","","불","Beast","Mage","","","UNASSIGNED","DRAFT_NOT_APPROVED","DRAFT-20261010-EXISTING-CATALOG"
"MON_045","별빛 버섯","109","18","0","1.0","Common","80","","번개","Dragon","Mage","","","UNASSIGNED","DRAFT_NOT_APPROVED","DRAFT-20261010-EXISTING-CATALOG"
"MON_046","별빛 골렘","113","20","0","1.0","Common","80","","그림자","Demon","Mage","","","UNASSIGNED","DRAFT_NOT_APPROVED","DRAFT-20261010-EXISTING-CATALOG"
"MON_047","별빛 고양이","117","22","0","1.0","Common","80","","물","Celestial","Mage","","","UNASSIGNED","DRAFT_NOT_APPROVED","DRAFT-20261010-EXISTING-CATALOG"
"MON_048","별빛 펭귄","121","24","0","1.0","Common","80","","땅","Shadow","Mage","","","UNASSIGNED","DRAFT_NOT_APPROVED","DRAFT-20261010-EXISTING-CATALOG"
"MON_049","별빛 유니콘","175","34","0","1.0","Advanced","80","","별","Nature","Mage","","","UNASSIGNED","DRAFT_NOT_APPROVED","DRAFT-20261010-EXISTING-CATALOG"
"MON_050","별빛 도깨비","179","22","0","1.0","Advanced","80","","숲","Abyss","Mage","","","UNASSIGNED","DRAFT_NOT_APPROVED","DRAFT-20261010-EXISTING-CATALOG"
"MON_051","도토리 슬라임","145","24","0","1.0","Advanced","80","","땅","Undead","Priest","","","UNASSIGNED","DRAFT_NOT_APPROVED","DRAFT-20261010-EXISTING-CATALOG"
"MON_052","도토리 토끼","149","26","0","1.0","Advanced","80","","별","Spirit","Priest","","","UNASSIGNED","DRAFT_NOT_APPROVED","DRAFT-20261010-EXISTING-CATALOG"
"MON_053","도토리 여우","153","28","0","1.0","Advanced","80","","숲","Machine","Priest","","","UNASSIGNED","DRAFT_NOT_APPROVED","DRAFT-20261010-EXISTING-CATALOG"
"MON_054","도토리 드래곤","157","30","0","1.0","Advanced","80","","바람","Beast","Priest","","","UNASSIGNED","DRAFT_NOT_APPROVED","DRAFT-20261010-EXISTING-CATALOG"
"MON_055","도토리 버섯","161","32","0","1.0","Advanced","80","","얼음","Dragon","Priest","","","UNASSIGNED","DRAFT_NOT_APPROVED","DRAFT-20261010-EXISTING-CATALOG"
"MON_056","도토리 골렘","165","34","0","1.0","Advanced","80","","빛","Demon","Priest","","","UNASSIGNED","DRAFT_NOT_APPROVED","DRAFT-20261010-EXISTING-CATALOG"
"MON_057","도토리 고양이","169","22","0","1.0","Advanced","80","","불","Celestial","Priest","","","UNASSIGNED","DRAFT_NOT_APPROVED","DRAFT-20261010-EXISTING-CATALOG"
"MON_058","도토리 펭귄","173","24","0","1.0","Advanced","80","","번개","Shadow","Priest","","","UNASSIGNED","DRAFT_NOT_APPROVED","DRAFT-20261010-EXISTING-CATALOG"
"MON_059","도토리 유니콘","177","26","0","1.0","Advanced","80","","그림자","Nature","Priest","","","UNASSIGNED","DRAFT_NOT_APPROVED","DRAFT-20261010-EXISTING-CATALOG"
"MON_060","도토리 도깨비","181","28","0","1.0","Advanced","80","","물","Abyss","Priest","","","UNASSIGNED","DRAFT_NOT_APPROVED","DRAFT-20261010-EXISTING-CATALOG"
"MON_061","말랑 슬라임","147","30","0","1.0","Advanced","80","","번개","Undead","Hexer","","","UNASSIGNED","DRAFT_NOT_APPROVED","DRAFT-20261010-EXISTING-CATALOG"
"MON_062","말랑 토끼","151","32","0","1.0","Advanced","80","","그림자","Spirit","Hexer","","","UNASSIGNED","DRAFT_NOT_APPROVED","DRAFT-20261010-EXISTING-CATALOG"
"MON_063","말랑 여우","155","34","0","1.0","Advanced","80","","물","Machine","Hexer","","","UNASSIGNED","DRAFT_NOT_APPROVED","DRAFT-20261010-EXISTING-CATALOG"
"MON_064","말랑 드래곤","159","22","0","1.0","Advanced","80","","땅","Beast","Hexer","","","UNASSIGNED","DRAFT_NOT_APPROVED","DRAFT-20261010-EXISTING-CATALOG"
"MON_065","말랑 버섯","163","24","0","1.0","Advanced","80","","별","Dragon","Hexer","","","UNASSIGNED","DRAFT_NOT_APPROVED","DRAFT-20261010-EXISTING-CATALOG"
"MON_066","말랑 골렘","167","26","0","1.0","Advanced","80","","숲","Demon","Hexer","","","UNASSIGNED","DRAFT_NOT_APPROVED","DRAFT-20261010-EXISTING-CATALOG"
"MON_067","말랑 고양이","171","28","0","1.0","Advanced","80","","바람","Celestial","Hexer","","","UNASSIGNED","DRAFT_NOT_APPROVED","DRAFT-20261010-EXISTING-CATALOG"
"MON_068","말랑 펭귄","175","30","0","1.0","Advanced","80","","얼음","Shadow","Hexer","","","UNASSIGNED","DRAFT_NOT_APPROVED","DRAFT-20261010-EXISTING-CATALOG"
"MON_069","말랑 유니콘","179","32","0","1.0","Advanced","80","","빛","Nature","Hexer","","","UNASSIGNED","DRAFT_NOT_APPROVED","DRAFT-20261010-EXISTING-CATALOG"
"MON_070","말랑 도깨비","183","34","0","1.0","Advanced","80","","불","Abyss","Hexer","","","UNASSIGNED","DRAFT_NOT_APPROVED","DRAFT-20261010-EXISTING-CATALOG"
"MON_071","초롱 슬라임","149","22","0","1.0","Advanced","80","","얼음","Undead","Summoner","","","UNASSIGNED","DRAFT_NOT_APPROVED","DRAFT-20261010-EXISTING-CATALOG"
"MON_072","초롱 토끼","153","24","0","1.0","Advanced","80","","빛","Spirit","Summoner","","","UNASSIGNED","DRAFT_NOT_APPROVED","DRAFT-20261010-EXISTING-CATALOG"
"MON_073","초롱 여우","157","26","0","1.0","Advanced","80","","불","Machine","Summoner","","","UNASSIGNED","DRAFT_NOT_APPROVED","DRAFT-20261010-EXISTING-CATALOG"
"MON_074","초롱 드래곤","161","28","0","1.0","Advanced","80","","번개","Beast","Summoner","","","UNASSIGNED","DRAFT_NOT_APPROVED","DRAFT-20261010-EXISTING-CATALOG"
"MON_075","초롱 버섯","165","30","0","1.0","Advanced","80","","그림자","Dragon","Summoner","","","UNASSIGNED","DRAFT_NOT_APPROVED","DRAFT-20261010-EXISTING-CATALOG"
"MON_076","초롱 골렘","169","32","0","1.0","Advanced","80","","물","Demon","Summoner","","","UNASSIGNED","DRAFT_NOT_APPROVED","DRAFT-20261010-EXISTING-CATALOG"
"MON_077","초롱 고양이","173","34","0","1.0","Advanced","80","","땅","Celestial","Summoner","","","UNASSIGNED","DRAFT_NOT_APPROVED","DRAFT-20261010-EXISTING-CATALOG"
"MON_078","초롱 펭귄","177","22","0","1.0","Advanced","80","","별","Shadow","Summoner","","","UNASSIGNED","DRAFT_NOT_APPROVED","DRAFT-20261010-EXISTING-CATALOG"
"MON_079","초롱 유니콘","181","24","0","1.0","Advanced","80","","숲","Nature","Summoner","","","UNASSIGNED","DRAFT_NOT_APPROVED","DRAFT-20261010-EXISTING-CATALOG"
"MON_080","초롱 도깨비","185","26","0","1.0","Advanced","80","","바람","Abyss","Summoner","","","UNASSIGNED","DRAFT_NOT_APPROVED","DRAFT-20261010-EXISTING-CATALOG"
"MON_081","방울 슬라임","151","28","0","1.0","Advanced","80","","별","Undead","Berserker","","","UNASSIGNED","DRAFT_NOT_APPROVED","DRAFT-20261010-EXISTING-CATALOG"
"MON_082","방울 토끼","155","30","0","1.0","Advanced","80","","숲","Spirit","Berserker","","","UNASSIGNED","DRAFT_NOT_APPROVED","DRAFT-20261010-EXISTING-CATALOG"
"MON_083","방울 여우","159","32","0","1.0","Advanced","80","","바람","Machine","Berserker","","","UNASSIGNED","DRAFT_NOT_APPROVED","DRAFT-20261010-EXISTING-CATALOG"
"MON_084","방울 드래곤","163","34","0","1.0","Advanced","80","","얼음","Beast","Berserker","","","UNASSIGNED","DRAFT_NOT_APPROVED","DRAFT-20261010-EXISTING-CATALOG"
"MON_085","방울 버섯","237","34","0","1.0","Rare","80","","빛","Dragon","Berserker","","","UNASSIGNED","DRAFT_NOT_APPROVED","DRAFT-20261010-EXISTING-CATALOG"
"MON_086","방울 골렘","241","36","0","1.0","Rare","80","","불","Demon","Berserker","","","UNASSIGNED","DRAFT_NOT_APPROVED","DRAFT-20261010-EXISTING-CATALOG"
"MON_087","방울 고양이","245","38","0","1.0","Rare","80","","번개","Celestial","Berserker","","","UNASSIGNED","DRAFT_NOT_APPROVED","DRAFT-20261010-EXISTING-CATALOG"
"MON_088","방울 펭귄","249","40","0","1.0","Rare","80","","그림자","Shadow","Berserker","","","UNASSIGNED","DRAFT_NOT_APPROVED","DRAFT-20261010-EXISTING-CATALOG"
"MON_089","방울 유니콘","253","42","0","1.0","Rare","80","","물","Nature","Berserker","","","UNASSIGNED","DRAFT_NOT_APPROVED","DRAFT-20261010-EXISTING-CATALOG"
"MON_090","방울 도깨비","257","44","0","1.0","Rare","80","","땅","Abyss","Berserker","","","UNASSIGNED","DRAFT_NOT_APPROVED","DRAFT-20261010-EXISTING-CATALOG"
"MON_091","구름 슬라임","223","46","0","1.0","Rare","80","","그림자","Undead","Artillerist","","","UNASSIGNED","DRAFT_NOT_APPROVED","DRAFT-20261010-EXISTING-CATALOG"
"MON_092","구름 토끼","227","34","0","1.0","Rare","80","","물","Spirit","Artillerist","","","UNASSIGNED","DRAFT_NOT_APPROVED","DRAFT-20261010-EXISTING-CATALOG"
"MON_093","구름 여우","231","36","0","1.0","Rare","80","","땅","Machine","Artillerist","","","UNASSIGNED","DRAFT_NOT_APPROVED","DRAFT-20261010-EXISTING-CATALOG"
"MON_094","구름 드래곤","235","38","0","1.0","Rare","80","","별","Beast","Artillerist","","","UNASSIGNED","DRAFT_NOT_APPROVED","DRAFT-20261010-EXISTING-CATALOG"
"MON_095","구름 버섯","239","40","0","1.0","Rare","80","","숲","Dragon","Artillerist","","","UNASSIGNED","DRAFT_NOT_APPROVED","DRAFT-20261010-EXISTING-CATALOG"
"MON_096","구름 골렘","243","42","0","1.0","Rare","80","","바람","Demon","Artillerist","","","UNASSIGNED","DRAFT_NOT_APPROVED","DRAFT-20261010-EXISTING-CATALOG"
"MON_097","구름 고양이","247","44","0","1.0","Rare","80","","얼음","Celestial","Artillerist","","","UNASSIGNED","DRAFT_NOT_APPROVED","DRAFT-20261010-EXISTING-CATALOG"
"MON_098","구름 펭귄","251","46","0","1.0","Rare","80","","빛","Shadow","Artillerist","","","UNASSIGNED","DRAFT_NOT_APPROVED","DRAFT-20261010-EXISTING-CATALOG"
"MON_099","구름 유니콘","255","34","0","1.0","Rare","80","","불","Nature","Artillerist","","","UNASSIGNED","DRAFT_NOT_APPROVED","DRAFT-20261010-EXISTING-CATALOG"
"MON_100","구름 도깨비","259","36","0","1.0","Rare","80","","번개","Abyss","Artillerist","","","UNASSIGNED","DRAFT_NOT_APPROVED","DRAFT-20261010-EXISTING-CATALOG"
"MON_101","새벽 도토리","225","38","0","1.0","Rare","80","","Neutral","Beast","Summoner","","","UNASSIGNED","DRAFT_NOT_APPROVED","DRAFT-20261010-EXISTING-CATALOG"
"MON_102","새벽 구름","229","40","0","1.0","Rare","80","","Neutral","Dragon","Berserker","","","UNASSIGNED","DRAFT_NOT_APPROVED","DRAFT-20261010-EXISTING-CATALOG"
"MON_103","새벽 여우","233","42","0","1.0","Rare","80","","Neutral","Demon","Artillerist","","","UNASSIGNED","DRAFT_NOT_APPROVED","DRAFT-20261010-EXISTING-CATALOG"
"MON_104","새벽 나비","237","44","0","1.0","Rare","80","","Neutral","Celestial","Guardian","","","UNASSIGNED","DRAFT_NOT_APPROVED","DRAFT-20261010-EXISTING-CATALOG"
"MON_105","새벽 수호병","241","46","0","1.0","Rare","80","","Neutral","Shadow","Warrior","","","UNASSIGNED","DRAFT_NOT_APPROVED","DRAFT-20261010-EXISTING-CATALOG"
"MON_106","새벽 마법사","245","34","0","1.0","Rare","80","","Neutral","Nature","Assassin","","","UNASSIGNED","DRAFT_NOT_APPROVED","DRAFT-20261010-EXISTING-CATALOG"
"MON_107","새벽 검객","249","36","0","1.0","Rare","80","","Neutral","Abyss","Archer","","","UNASSIGNED","DRAFT_NOT_APPROVED","DRAFT-20261010-EXISTING-CATALOG"
"MON_108","새벽 사냥꾼","253","38","0","1.0","Rare","80","","Neutral","Undead","Mage","","","UNASSIGNED","DRAFT_NOT_APPROVED","DRAFT-20261010-EXISTING-CATALOG"
"MON_109","새벽 새싹","372","59","0","1.0","Hero","80","","Neutral","Spirit","Priest","Celestial","","UNASSIGNED","DRAFT_NOT_APPROVED","DRAFT-20261010-EXISTING-CATALOG"
"MON_110","새벽 용사","376","61","0","1.0","Hero","80","","Neutral","Machine","Hexer","Shadow","","UNASSIGNED","DRAFT_NOT_APPROVED","DRAFT-20261010-EXISTING-CATALOG"
"MON_111","밤톨 도토리","342","63","0","1.0","Hero","80","","Neutral","Beast","Summoner","Nature","","UNASSIGNED","DRAFT_NOT_APPROVED","DRAFT-20261010-EXISTING-CATALOG"
"MON_112","밤톨 구름","346","65","0","1.0","Hero","80","","Neutral","Dragon","Berserker","Abyss","","UNASSIGNED","DRAFT_NOT_APPROVED","DRAFT-20261010-EXISTING-CATALOG"
"MON_113","밤톨 여우","350","53","0","1.0","Hero","80","","Neutral","Demon","Artillerist","Undead","","UNASSIGNED","DRAFT_NOT_APPROVED","DRAFT-20261010-EXISTING-CATALOG"
"MON_114","밤톨 나비","354","55","0","1.0","Hero","80","","Neutral","Celestial","Guardian","Spirit","","UNASSIGNED","DRAFT_NOT_APPROVED","DRAFT-20261010-EXISTING-CATALOG"
"MON_115","밤톨 수호병","358","57","0","1.0","Hero","80","","Neutral","Shadow","Warrior","Machine","","UNASSIGNED","DRAFT_NOT_APPROVED","DRAFT-20261010-EXISTING-CATALOG"
"MON_116","밤톨 마법사","362","59","0","1.0","Hero","80","","Neutral","Nature","Assassin","Beast","","UNASSIGNED","DRAFT_NOT_APPROVED","DRAFT-20261010-EXISTING-CATALOG"
"MON_117","밤톨 검객","366","61","0","1.0","Hero","80","","Neutral","Abyss","Archer","Dragon","","UNASSIGNED","DRAFT_NOT_APPROVED","DRAFT-20261010-EXISTING-CATALOG"
"MON_118","밤톨 사냥꾼","370","63","0","1.0","Hero","80","","Neutral","Undead","Mage","Demon","","UNASSIGNED","DRAFT_NOT_APPROVED","DRAFT-20261010-EXISTING-CATALOG"
"MON_119","밤톨 새싹","539","90","0","1.0","Legendary","80","","Neutral","Spirit","Priest","Celestial","","UNASSIGNED","DRAFT_NOT_APPROVED","DRAFT-20261010-EXISTING-CATALOG"
"MON_120","밤톨 용사","543","78","0","1.0","Legendary","80","","Neutral","Machine","Hexer","Shadow","","UNASSIGNED","DRAFT_NOT_APPROVED","DRAFT-20261010-EXISTING-CATALOG"
